Event ID,Start Time (UTC),Start Time (Local Pacific),End Time (UTC),End Time (Local Pacific),Duration (s),Dominant Frequency (Hz),Frequency Stddev (Hz),"SPI (peak, counts)","SPI (mean, counts)","SPI (peak, Pa)","SPI (mean, Pa)",Amplitude (peak dB SPL),Amplitude (mean dB SPL),Waveform Type,Mechanical Signature,Impulse/Pressure Event,Distrubance Energy Prominence,Distrubance Energy Concentration,Distrubance-Candidate,Event Discrimination
4,2025-07-18 22:01:29,2025-07-18 15:01:29,2025-07-18 22:01:59,2025-07-18 15:01:59,29.980771430145516,5.37,0.01667735605686449,132.0,25.355997,0.132,0.025355998,76.39088,62.061012,clustered,False,False,True,True,True,disturbance-candidate
2,2025-07-11 21:00:29,2025-07-11 14:00:29,2025-07-11 21:00:59,2025-07-11 14:00:59,29.980771430145516,12.84,0.0166773560568636,144.0,31.88839,0.14400001,0.03188839,77.14665,64.052055,clustered,False,False,True,True,True,disturbance-candidate
46,2025-07-29 20:37:22,2025-07-29 13:37:22,2025-07-29 20:37:52,2025-07-29 13:37:52,29.980771430145516,5.07,0.01667735605686449,146.0,20.972418,0.14600001,0.02097242,77.26646,60.41237,clustered,False,False,True,True,True,disturbance-candidate
7,2025-07-28 09:03:32,2025-07-28 02:03:32,2025-07-28 09:04:02,2025-07-28 02:04:02,29.980771430145516,12.57,0.36313863804623975,148.0,32.73637,0.148,0.032736372,77.384636,64.28001,clustered,False,False,True,True,True,disturbance-candidate
39,2025-07-28 19:37:57,2025-07-28 12:37:57,2025-07-28 19:38:27,2025-07-28 12:38:27,29.980771430145516,12.47,0.01667735605686449,418.0,89.66132,0.418,0.08966133,86.40293,73.0315,clustered,False,False,True,True,True,disturbance-candidate
10,2025-07-17 09:22:25,2025-07-17 02:22:25,2025-07-17 09:22:55,2025-07-17 02:22:55,29.980771430145516,4.8,0.2574058049120284,94.0,25.843489,0.094000004,0.02584349,73.441956,62.226425,clustered,False,False,True,True,True,disturbance-candidate
17,2025-07-17 06:13:39,2025-07-16 23:13:39,2025-07-17 06:14:09,2025-07-16 23:14:09,29.980771430145516,4.84,0.49042487071391727,98.0,24.63374,0.098000005,0.024633741,73.803925,61.810005,clustered,False,False,True,True,True,disturbance-candidate
1,2025-07-10 19:00:00,2025-07-10 12:00:00,2025-07-10 19:00:29,2025-07-10 12:00:29,29.995128664747998,7.37,0.01666937340354302,88.0,28.607166,0.08800001,0.028607167,72.86905,63.1089,clustered,False,False,True,True,True,disturbance-candidate
2,2025-07-10 19:00:29,2025-07-10 12:00:29,2025-07-10 19:00:59,2025-07-10 12:00:59,29.995128664747998,7.37,0.0,80.0,26.376547,0.080000006,0.026376547,72.0412,62.40376,clustered,False,False,True,True,True,disturbance-candidate
3,2025-07-10 19:00:59,2025-07-10 12:00:59,2025-07-10 19:01:29,2025-07-10 12:01:29,29.995128664747998,7.37,0.01666937340354302,146.0,28.61759,0.14600001,0.02861759,77.26646,63.112064,clustered,False,False,True,True,True,disturbance-candidate
4,2025-07-10 19:01:29,2025-07-10 12:01:29,2025-07-10 19:01:59,2025-07-10 12:01:59,29.995128664747998,7.37,0.0,84.0,24.956352,0.08400001,0.024956353,72.46499,61.923023,clustered,False,False,True,True,True,disturbance-candidate
5,2025-07-10 19:01:59,2025-07-10 12:01:59,2025-07-10 19:02:29,2025-07-10 12:02:29,29.995128664747998,7.37,0.027220972780400896,94.0,27.15179,0.094000004,0.027151791,73.441956,62.655373,clustered,False,False,True,True,True,disturbance-candidate
13,2025-07-10 19:06:12,2025-07-10 12:06:12,2025-07-10 19:06:42,2025-07-10 12:06:42,29.995128664747998,7.37,0.01666937340354302,92.0,25.38241,0.09200001,0.02538241,73.25516,62.07006,clustered,False,False,True,True,True,disturbance-candidate
14,2025-07-10 19:06:42,2025-07-10 12:06:42,2025-07-10 19:07:12,2025-07-10 12:07:12,29.995128664747998,7.37,0.01666937340354302,146.0,29.906189,0.14600001,0.029906191,77.26646,63.49462,clustered,False,False,True,True,True,disturbance-candidate
85,2025-07-10 19:42:49,2025-07-10 12:42:49,2025-07-10 19:43:19,2025-07-10 12:43:19,29.995128664747998,7.37,0.01666937340354302,100.0,23.51531,0.1,0.023515312,73.9794,61.406418,clustered,False,False,True,True,True,disturbance-candidate
86,2025-07-10 19:43:19,2025-07-10 12:43:19,2025-07-10 19:43:49,2025-07-10 12:43:49,29.995128664747998,7.37,0.01666937340354302,114.0,24.041695,0.11400001,0.024041696,75.1175,61.5987,clustered,False,False,True,True,True,disturbance-candidate
2,2025-07-10 18:00:29,2025-07-10 11:00:29,2025-07-10 18:00:59,2025-07-10 11:00:59,29.99978056901918,12.57,0.03333357714731733,94.0,21.576452,0.094000004,0.021576453,73.441956,60.659004,clustered,False,False,True,True,True,disturbance-candidate
12,2025-07-30 09:48:14,2025-07-30 02:48:14,2025-07-30 09:48:44,2025-07-30 02:48:44,29.980771430145516,12.81,0.027234008398688316,80.0,20.025658,0.080000006,0.02002566,72.0412,60.01114,clustered,False,False,True,True,True,disturbance-candidate
12,2025-07-15 20:05:28,2025-07-15 13:05:28,2025-07-15 20:05:58,2025-07-15 13:05:58,29.980771430145516,13.34,0.01667735605686449,190.0,27.241821,0.19000001,0.027241822,79.554474,62.684128,clustered,False,False,True,True,True,disturbance-candidate
13,2025-07-15 20:05:58,2025-07-15 13:05:58,2025-07-15 20:06:28,2025-07-15 13:06:28,29.980771430145516,13.34,0.027234008398687594,126.0,28.21424,0.126,0.02821424,75.98681,62.98877,clustered,False,False,True,True,True,disturbance-candidate
15,2025-07-15 20:06:58,2025-07-15 13:06:58,2025-07-15 20:07:28,2025-07-15 13:07:28,29.980771430145516,13.34,0.0166773560568636,82.0,22.758179,0.082,0.02275818,72.25568,61.12215,clustered,False,False,True,True,True,disturbance-candidate
2,2025-07-12 03:00:35,2025-07-11 20:00:35,2025-07-12 03:00:37,2025-07-11 20:00:37,1.9807693760776062,7.57,3.761289216804799,358.0,32.699028,0.358,0.03269903,85.05706,64.270096,pulse,True,True,True,False,False,pressure/impulse
26,2025-07-13 12:21:22,2025-07-13 05:21:22,2025-07-13 12:21:52,2025-07-13 05:21:52,29.980771430145516,5.04,0.12563485239550962,82.0,16.322,0.082,0.016322002,72.25568,58.234867,clustered,False,False,True,True,True,disturbance-candidate
35,2025-07-13 11:29:58,2025-07-13 04:29:58,2025-07-13 11:30:28,2025-07-13 04:30:28,29.980771430145516,5.04,0.033354712113728535,92.0,19.416292,0.09200001,0.019416293,73.25516,59.74273,clustered,False,False,True,True,True,disturbance-candidate
36,2025-07-13 11:30:28,2025-07-13 04:30:28,2025-07-13 11:30:58,2025-07-13 04:30:58,29.980771430145516,5.04,0.016677356056864046,86.0,16.626041,0.086,0.016626041,72.669365,58.395176,clustered,False,False,True,True,True,disturbance-candidate
3,2025-07-14 10:24:36,2025-07-14 03:24:36,2025-07-14 10:25:06,2025-07-14 03:25:06,29.980771430145516,5.14,0.2550804198547635,96.0,24.180885,0.096,0.024180887,73.624825,61.648846,clustered,False,False,True,True,True,disturbance-candidate
6,2025-07-14 10:26:06,2025-07-14 03:26:06,2025-07-14 10:26:36,2025-07-14 03:26:36,29.980771430145516,5.44,0.15101988218075452,144.0,28.896729,0.14400001,0.02889673,77.14665,63.196373,clustered,False,False,True,True,True,disturbance-candidate
55,2025-08-01 17:38:54,2025-08-01 10:38:54,2025-08-01 17:39:24,2025-08-01 10:39:24,29.980771430145516,5.0,0.01667735605686449,120.0,21.45093,0.120000005,0.021450931,75.56303,60.608326,clustered,False,False,True,True,True,disturbance-candidate
23,2025-08-01 19:34:16,2025-08-01 12:34:16,2025-08-01 19:34:46,2025-08-01 12:34:46,29.980771430145516,5.0,0.016677356056864046,90.0,17.903784,0.09,0.017903784,73.064255,59.038296,clustered,False,False,True,True,True,disturbance-candidate
5,2025-04-20 03:04:27,2025-04-19 20:04:27,2025-04-20 03:04:28,2025-04-19 20:04:28,0.980769302718038,4.08,1.5080202262408169,724.0,65.13725,0.72400004,0.06513725,91.17417,70.25599,pulse,True,True,True,False,False,pressure/impulse
46,2025-04-20 03:20:14,2025-04-19 20:20:14,2025-04-20 03:20:44,2025-04-19 20:20:44,29.980771430145516,6.54,0.027234008398687955,126.0,26.31687,0.126,0.026316872,75.98681,62.384087,clustered,False,False,True,True,True,disturbance-candidate
109,2025-04-27 00:52:12,2025-04-26 17:52:12,2025-04-27 00:52:13,2025-04-26 17:52:13,1.480769339397822,2.03,2.6120313395573485,258.0,31.402597,0.25800002,0.0314026,82.2118,63.918716,pulse,True,True,True,False,False,pressure/impulse
12,2025-04-09 04:34:12,2025-04-08 21:34:12,2025-04-09 04:34:42,2025-04-08 21:34:42,29.980771430145516,6.67,0.01667735605686449,500.0,41.33932,0.5,0.041339323,87.9588,66.30667,clustered,False,False,True,True,True,disturbance-candidate
17,2025-04-09 22:23:59,2025-04-09 15:23:59,2025-04-09 22:24:29,2025-04-09 15:24:29,29.980771430145516,12.84,0.01667735605686449,80.0,15.733162,0.080000006,0.015733162,72.0412,57.91572,clustered,False,False,True,True,True,disturbance-candidate
52,2025-04-09 22:58:12,2025-04-09 15:58:12,2025-04-09 22:58:42,2025-04-09 15:58:42,29.980771430145516,12.84,0.027234008398687594,102.0,24.760744,0.102000006,0.024760745,74.151405,61.854675,clustered,False,False,True,True,True,disturbance-candidate
30,2025-04-11 21:49:20,2025-04-11 14:49:20,2025-04-11 21:49:21,2025-04-11 14:49:21,0.980769302718038,7.14,2.5939395194111383,2628.0,213.41176,2.628,0.21341176,102.37191,80.56377,pulse,True,True,True,False,False,pressure/impulse
31,2025-04-11 21:52:30,2025-04-11 14:52:30,2025-04-11 21:52:32,2025-04-11 14:52:32,1.480769339397822,9.45,4.074120000956396,1294.0,57.61039,1.294,0.057610393,96.218094,69.189415,pulse,True,True,True,False,False,pressure/impulse
61,2025-04-07 16:33:34,2025-04-07 09:33:34,2025-04-07 16:34:04,2025-04-07 09:34:04,29.980771430145516,3.4,0.027234008398687955,200.0,30.420782,0.2,0.030420784,80.0,63.642807,clustered,False,False,True,True,True,disturbance-candidate
65,2025-04-07 16:34:52,2025-04-07 09:34:52,2025-04-07 16:35:22,2025-04-07 09:35:22,29.980771430145516,3.4,0.04160063498801688,102.0,25.390635,0.102000006,0.025390636,74.151405,62.072872,clustered,False,False,True,True,True,disturbance-candidate
76,2025-04-07 16:40:21,2025-04-07 09:40:21,2025-04-07 16:40:51,2025-04-07 09:40:51,29.980771430145516,3.37,0.033354712113728535,102.0,24.70558,0.102000006,0.024705581,74.151405,61.835304,clustered,False,False,True,True,True,disturbance-candidate
77,2025-04-07 16:40:51,2025-04-07 09:40:51,2025-04-07 16:41:21,2025-04-07 09:41:21,29.980771430145516,3.3,0.016677356056864268,108.0,27.273893,0.108,0.027273895,74.64787,62.694344,clustered,False,False,True,True,True,disturbance-candidate
43,2025-04-07 23:17:12,2025-04-07 16:17:12,2025-04-07 23:17:13,2025-04-07 16:17:13,1.480769339397822,9.45,0.33766231289157655,1072.0,66.28571,1.072,0.066285715,94.5833,70.4078,pulse,False,True,True,False,False,pressure/impulse
76,2025-04-07 22:18:32,2025-04-07 15:18:32,2025-04-07 22:19:02,2025-04-07 15:19:02,29.980771430145516,6.4,0.016677356056864046,82.0,18.524694,0.082,0.018524695,72.25568,59.33442,clustered,False,False,True,True,True,disturbance-candidate
10,2025-04-29 20:05:55,2025-04-29 13:05:55,2025-04-29 20:06:25,2025-04-29 13:06:25,29.9999933976408,4.47,0.016666670334644973,88.0,12.051282,0.08800001,0.012051282,72.86905,55.600067,clustered,False,False,True,True,True,disturbance-candidate
15,2025-04-29 21:07:56,2025-04-29 14:07:56,2025-04-29 21:08:26,2025-04-29 14:08:26,29.9999933976408,6.4,0.016666670334644973,156.0,18.111538,0.156,0.018111538,77.84189,59.138508,clustered,False,False,True,True,True,disturbance-candidate
21,2025-04-29 21:11:42,2025-04-29 14:11:42,2025-04-29 21:12:12,2025-04-29 14:12:12,29.9999933976408,6.4,0.02721655868737436,82.0,17.433332,0.082,0.017433334,72.25568,58.80701,clustered,False,False,True,True,True,disturbance-candidate
25,2025-04-29 21:14:40,2025-04-29 14:14:40,2025-04-29 21:15:10,2025-04-29 14:15:10,29.9999933976408,6.4,0.0,150.0,17.06282,0.15,0.01706282,77.50123,58.620415,clustered,False,False,True,True,True,disturbance-candidate
29,2025-04-29 21:17:47,2025-04-29 14:17:47,2025-04-29 21:18:17,2025-04-29 14:18:17,29.9999933976408,6.4,0.02721655868737436,90.0,15.485897,0.09,0.015485898,73.064255,57.77813,clustered,False,False,True,True,True,disturbance-candidate
32,2025-04-29 21:19:13,2025-04-29 14:19:13,2025-04-29 21:19:43,2025-04-29 14:19:43,29.9999933976408,6.4,0.016666670334644973,3812.0,50.73846,3.8120003,0.05073846,105.602455,68.08615,continuous,False,False,True,True,True,disturbance-candidate
33,2025-04-29 21:20:22,2025-04-29 14:20:22,2025-04-29 21:20:52,2025-04-29 14:20:52,29.9999933976408,6.4,0.016666670334644973,148.0,15.1782055,0.148,0.015178206,77.384636,57.603806,clustered,False,False,True,True,True,disturbance-candidate
36,2025-04-29 21:22:03,2025-04-29 14:22:03,2025-04-29 21:22:33,2025-04-29 14:22:33,29.9999933976408,6.4,0.016666670334644973,88.0,16.546154,0.08800001,0.016546154,72.86905,58.353344,clustered,False,False,True,True,True,disturbance-candidate
38,2025-04-29 21:23:03,2025-04-29 14:23:03,2025-04-29 21:23:33,2025-04-29 14:23:33,29.9999933976408,6.4,0.016666670334644973,134.0,17.403847,0.134,0.017403848,76.5215,58.792305,clustered,False,False,True,True,True,disturbance-candidate
39,2025-04-29 21:24:59,2025-04-29 14:24:59,2025-04-29 21:25:29,2025-04-29 14:25:29,29.9999933976408,6.4,0.016666670334644973,86.0,14.973077,0.086,0.014973078,72.669365,57.485622,clustered,False,False,True,True,True,disturbance-candidate
40,2025-04-29 21:25:29,2025-04-29 14:25:29,2025-04-29 21:25:59,2025-04-29 14:25:59,29.9999933976408,6.4,0.1342560959201721,88.0,15.328205,0.08800001,0.015328206,72.86905,57.689228,clustered,False,False,True,True,True,disturbance-candidate
43,2025-04-29 21:29:43,2025-04-29 14:29:43,2025-04-29 21:30:13,2025-04-29 14:30:13,29.9999933976408,6.4,0.140791444864809,86.0,16.807692,0.086,0.016807692,72.669365,58.489563,clustered,False,False,True,True,True,disturbance-candidate
44,2025-04-29 21:33:03,2025-04-29 14:33:03,2025-04-29 21:33:33,2025-04-29 14:33:33,29.9999933976408,6.4,0.016666670334644973,150.0,17.034615,0.15,0.017034614,77.50123,58.60605,clustered,False,False,True,True,True,disturbance-candidate
53,2025-04-29 21:38:31,2025-04-29 14:38:31,2025-04-29 21:39:01,2025-04-29 14:39:01,29.9999933976408,6.4,0.13333336267715845,202.0,18.634615,0.202,0.018634615,80.08643,59.38581,clustered,False,False,True,True,True,disturbance-candidate
3,2025-04-16 17:02:40,2025-04-16 10:02:40,2025-04-16 17:03:10,2025-04-16 10:03:10,29.980771430145516,3.37,0.04933228450178431,244.0,30.080822,0.24400002,0.030080823,81.7272,63.545193,clustered,False,False,True,True,True,disturbance-candidate
34,2025-04-16 17:18:10,2025-04-16 10:18:10,2025-04-16 17:18:40,2025-04-16 10:18:40,29.980771430145516,3.47,0.027234008398687774,84.0,28.670942,0.08400001,0.028670944,72.46499,63.128242,clustered,False,False,True,True,True,disturbance-candidate
67,2025-04-16 01:15:41,2025-04-15 18:15:41,2025-04-16 01:15:43,2025-04-15 18:15:43,1.480769339397822,2.7,3.620634540932121,846.0,59.81818,0.846,0.059818182,92.52681,69.51606,pulse,True,True,True,False,False,pressure/impulse
53,2025-04-16 18:36:35,2025-04-16 11:36:35,2025-04-16 18:36:37,2025-04-16 11:36:37,1.9807693760776062,6.56,2.7817141544486748,428.0,37.495144,0.42800003,0.037495147,86.60828,65.4589,pulse,True,True,True,False,False,pressure/impulse
5,2025-04-06 14:11:39,2025-04-06 07:11:39,2025-04-06 14:12:09,2025-04-06 07:12:09,29.980771430145516,6.47,0.027234008398687955,102.0,24.574728,0.102000006,0.024574729,74.151405,61.789173,clustered,False,False,True,True,True,disturbance-candidate
21,2025-04-06 12:23:46,2025-04-06 05:23:46,2025-04-06 12:24:16,2025-04-06 05:24:16,29.980771430145516,12.37,0.0166773560568636,130.0,30.17832,0.13000001,0.030178322,76.25827,63.573303,clustered,False,False,True,True,True,disturbance-candidate
48,2025-04-06 03:28:49,2025-04-05 20:28:49,2025-04-06 03:29:19,2025-04-05 20:29:19,29.980771430145516,6.37,0.01667735605686449,94.0,13.186658,0.094000004,0.013186659,73.441956,56.382095,clustered,False,False,True,True,True,disturbance-candidate
52,2025-04-06 02:49:50,2025-04-05 19:49:50,2025-04-06 02:50:20,2025-04-05 19:50:20,29.980771430145516,6.37,0.027234008398687955,82.0,14.955741,0.082,0.014955741,72.25568,57.475555,clustered,False,False,True,True,True,disturbance-candidate
26,2025-04-06 21:18:19,2025-04-06 14:18:19,2025-04-06 21:18:49,2025-04-06 14:18:49,29.980771430145516,6.3,0.01667735605686449,140.0,15.955099,0.14,0.0159551,76.90196,58.03739,clustered,False,False,True,True,True,disturbance-candidate
38,2025-04-06 21:26:35,2025-04-06 14:26:35,2025-04-06 21:27:05,2025-04-06 14:27:05,29.980771430145516,6.3,0.016677356056864046,80.0,16.24503,0.080000006,0.01624503,72.0412,58.193813,clustered,False,False,True,True,True,disturbance-candidate
39,2025-04-06 21:27:10,2025-04-06 14:27:10,2025-04-06 21:27:40,2025-04-06 14:27:40,29.980771430145516,6.3,0.01667735605686449,164.0,16.387428,0.164,0.01638743,78.276276,58.269615,clustered,False,False,True,True,True,disturbance-candidate
40,2025-04-06 21:27:40,2025-04-06 14:27:40,2025-04-06 21:28:10,2025-04-06 14:28:10,29.980771430145516,6.3,0.016677356056864046,98.0,15.864016,0.098000005,0.015864016,73.803925,57.987663,clustered,False,False,True,True,True,disturbance-candidate
46,2025-04-06 21:31:21,2025-04-06 14:31:21,2025-04-06 21:31:51,2025-04-06 14:31:51,29.980771430145516,6.3,0.027234008398687955,88.0,19.56254,0.08800001,0.01956254,72.86905,59.807907,clustered,False,False,True,True,True,disturbance-candidate
48,2025-04-06 21:33:48,2025-04-06 14:33:48,2025-04-06 21:34:18,2025-04-06 14:34:18,29.980771430145516,6.3,0.01667735605686449,350.0,18.12059,0.35000002,0.01812059,84.86076,59.142845,continuous,False,False,True,True,True,disturbance-candidate
55,2025-04-06 21:39:36,2025-04-06 14:39:36,2025-04-06 21:40:06,2025-04-06 14:40:06,29.980771430145516,6.3,0.027234008398687955,98.0,16.237331,0.098000005,0.016237332,73.803925,58.189693,clustered,False,False,True,True,True,disturbance-candidate
9,2025-04-06 22:06:34,2025-04-06 15:06:34,2025-04-06 22:07:04,2025-04-06 15:07:04,29.980771430145516,6.34,0.016677356056864046,132.0,16.873636,0.132,0.016873637,76.39088,58.523575,clustered,False,False,True,True,True,disturbance-candidate
16,2025-04-06 22:10:31,2025-04-06 15:10:31,2025-04-06 22:11:01,2025-04-06 15:11:01,29.980771430145516,6.34,0.027234008398687955,92.0,20.35279,0.09200001,0.020352792,73.25516,60.151882,clustered,False,False,True,True,True,disturbance-candidate
25,2025-04-06 22:15:31,2025-04-06 15:15:31,2025-04-06 22:16:01,2025-04-06 15:16:01,29.980771430145516,6.34,0.016677356056864046,84.0,20.991661,0.08400001,0.020991663,72.46499,60.420338,clustered,False,False,True,True,True,disturbance-candidate
26,2025-04-06 22:16:01,2025-04-06 15:16:01,2025-04-06 22:16:31,2025-04-06 15:16:31,29.980771430145516,6.34,0.027234008398687955,80.0,19.208467,0.080000006,0.019208468,72.0412,59.649258,clustered,False,False,True,True,True,disturbance-candidate
33,2025-04-06 22:20:09,2025-04-06 15:20:09,2025-04-06 22:20:39,2025-04-06 15:20:39,29.980771430145516,6.34,0.01667735605686449,96.0,19.407312,0.096,0.019407313,73.624825,59.73871,clustered,False,False,True,True,True,disturbance-candidate
34,2025-04-06 22:20:39,2025-04-06 15:20:39,2025-04-06 22:21:09,2025-04-06 15:21:09,29.980771430145516,6.34,0.016677356056864046,80.0,17.476587,0.080000006,0.017476588,72.0412,58.828537,clustered,False,False,True,True,True,disturbance-candidate
52,2025-04-06 22:31:56,2025-04-06 15:31:56,2025-04-06 22:32:26,2025-04-06 15:32:26,29.980771430145516,6.34,0.01667735605686449,88.0,15.24567,0.08800001,0.015245671,72.86905,57.64233,clustered,False,False,True,True,True,disturbance-candidate
53,2025-04-06 22:32:26,2025-04-06 15:32:26,2025-04-06 22:32:56,2025-04-06 15:32:56,29.980771430145516,6.34,0.01667735605686449,102.0,16.375881,0.102000006,0.016375883,74.151405,58.263493,clustered,False,False,True,True,True,disturbance-candidate
54,2025-04-06 22:34:47,2025-04-06 15:34:47,2025-04-06 22:35:17,2025-04-06 15:35:17,29.980771430145516,6.34,0.01667735605686449,82.0,16.64272,0.082,0.01664272,72.25568,58.40389,clustered,False,False,True,True,True,disturbance-candidate
56,2025-04-06 22:35:47,2025-04-06 15:35:47,2025-04-06 22:36:17,2025-04-06 15:36:17,29.980771430145516,6.34,0.016677356056864046,88.0,15.515074,0.08800001,0.015515074,72.86905,57.794476,clustered,False,False,True,True,True,disturbance-candidate
14,2025-04-06 18:13:45,2025-04-06 11:13:45,2025-04-06 18:14:15,2025-04-06 11:14:15,29.980771430145516,12.84,0.01667735605686449,118.0,12.514432,0.11800001,0.012514433,75.41704,55.927624,clustered,False,False,True,True,True,disturbance-candidate
2,2025-04-01 15:00:49,2025-04-01 08:00:49,2025-04-01 15:01:19,2025-04-01 08:01:19,29.9999933976408,5.07,0.016666670334644973,1936.0,27.535898,1.9360001,0.027535899,99.717514,62.777386,continuous,False,False,True,True,True,disturbance-candidate
11,2025-04-01 15:05:39,2025-04-01 08:05:39,2025-04-01 15:06:09,2025-04-01 08:06:09,29.9999933976408,5.07,0.016666670334644973,80.0,17.65,0.080000006,0.01765,72.0412,58.914295,clustered,False,False,True,True,True,disturbance-candidate
50,2025-04-01 15:26:08,2025-04-01 08:26:08,2025-04-01 15:26:38,2025-04-01 08:26:38,29.9999933976408,5.1,0.01666667033464453,84.0,21.191025,0.08400001,0.021191025,72.46499,60.502438,clustered,False,False,True,True,True,disturbance-candidate
175,2025-04-01 23:51:25,2025-04-01 16:51:25,2025-04-01 23:51:55,2025-04-01 16:51:55,29.980771430145516,2.4,0.016677356056864046,132.0,22.265554,0.132,0.022265555,76.39088,60.932076,clustered,False,False,True,True,True,disturbance-candidate
116,2025-04-01 22:32:19,2025-04-01 15:32:19,2025-04-01 22:32:49,2025-04-01 15:32:49,29.980771430145516,3.37,0.016677356056864268,110.0,29.090443,0.11000001,0.029090444,74.80725,63.25441,clustered,False,False,True,True,True,disturbance-candidate
126,2025-04-01 22:36:01,2025-04-01 15:36:01,2025-04-01 22:36:31,2025-04-01 15:36:31,29.980771430145516,3.37,0.016677356056864268,186.0,38.22707,0.186,0.03822707,79.36966,65.62682,clustered,False,False,True,True,True,disturbance-candidate
129,2025-04-01 22:37:12,2025-04-01 15:37:12,2025-04-01 22:37:42,2025-04-01 15:37:42,29.980771430145516,3.4,0.016677356056864268,116.0,27.068634,0.116000004,0.027068635,75.26856,62.628727,clustered,False,False,True,True,True,disturbance-candidate
137,2025-04-01 22:41:16,2025-04-01 15:41:16,2025-04-01 22:41:46,2025-04-01 15:41:46,29.980771430145516,3.37,0.016677356056864268,114.0,32.12444,0.11400001,0.03212444,75.1175,64.11611,clustered,False,False,True,True,True,disturbance-candidate
16,2025-04-01 18:07:04,2025-04-01 11:07:04,2025-04-01 18:07:34,2025-04-01 11:07:34,29.984031955531186,14.01,0.01667554252682013,80.0,20.611378,0.080000006,0.02061138,72.0412,60.26154,clustered,False,False,True,True,True,disturbance-candidate
33,2025-04-01 18:15:14,2025-04-01 11:15:14,2025-04-01 18:15:44,2025-04-01 11:15:44,29.984031955531186,14.01,0.027231046916527786,102.0,23.775188,0.102000006,0.02377519,74.151405,61.50188,clustered,False,False,True,True,True,disturbance-candidate
34,2025-04-01 18:15:44,2025-04-01 11:15:44,2025-04-01 18:16:14,2025-04-01 11:16:14,29.984031955531186,14.01,0.01667554252682102,96.0,24.707335,0.096,0.024707336,73.624825,61.83592,clustered,False,False,True,True,True,disturbance-candidate
67,2025-04-01 18:26:17,2025-04-01 11:26:17,2025-04-01 18:26:47,2025-04-01 11:26:47,29.984031955531186,14.01,0.01667554252682102,80.0,17.877998,0.080000006,0.017878,72.0412,59.02578,clustered,False,False,True,True,True,disturbance-candidate
71,2025-04-01 18:28:17,2025-04-01 11:28:17,2025-04-01 18:28:47,2025-04-01 11:28:47,29.984031955531186,14.01,0.01667554252682013,338.0,26.77176,0.33800003,0.026771761,84.55773,62.53294,clustered,False,False,True,True,True,disturbance-candidate
95,2025-04-01 18:37:19,2025-04-01 11:37:19,2025-04-01 18:37:49,2025-04-01 11:37:49,29.984031955531186,14.01,0.01667554252682013,88.0,18.501713,0.08800001,0.018501714,72.86905,59.32364,clustered,False,False,True,True,True,disturbance-candidate
102,2025-04-01 18:40:45,2025-04-01 11:40:45,2025-04-01 18:41:15,2025-04-01 11:41:15,29.984031955531186,14.01,0.01667554252682102,114.0,21.549006,0.11400001,0.021549007,75.1175,60.647945,clustered,False,False,True,True,True,disturbance-candidate
105,2025-04-01 18:41:58,2025-04-01 11:41:58,2025-04-01 18:42:28,2025-04-01 11:42:28,29.984031955531186,14.01,0.01667554252682013,96.0,19.734064,0.096,0.019734064,73.624825,59.88373,clustered,False,False,True,True,True,disturbance-candidate
38,2025-04-10 16:18:41,2025-04-10 09:18:41,2025-04-10 16:19:11,2025-04-10 09:19:11,29.980771430145516,7.47,0.016677356056864046,138.0,29.45093,0.13800001,0.02945093,76.77698,63.36138,clustered,False,False,True,True,True,disturbance-candidate
39,2025-04-10 16:19:11,2025-04-10 09:19:11,2025-04-10 16:19:41,2025-04-10 09:19:41,29.980771430145516,7.47,0.016677356056864046,108.0,29.80757,0.108,0.029807571,74.64787,63.465935,clustered,False,False,True,True,True,disturbance-candidate
62,2025-04-10 17:49:58,2025-04-10 10:49:58,2025-04-10 17:49:59,2025-04-10 10:49:59,1.480769339397822,2.03,1.5309013302353915,3992.0,323.22076,3.992,0.3232208,106.003204,84.16939,pulse,True,True,True,False,False,pressure/impulse
19,2025-04-10 03:15:07,2025-04-09 20:15:07,2025-04-10 03:15:37,2025-04-09 20:15:37,29.980771430145516,6.4,0.027234008398687594,98.0,14.801796,0.098000005,0.0148017965,73.803925,57.38569,clustered,False,False,True,True,True,disturbance-candidate
20,2025-04-10 03:15:37,2025-04-09 20:15:37,2025-04-10 03:16:07,2025-04-09 20:16:07,29.980771430145516,6.4,0.027234008398687594,80.0,18.302757,0.080000006,0.018302757,72.0412,59.229733,clustered,False,False,True,True,True,disturbance-candidate
23,2025-04-10 03:18:47,2025-04-09 20:18:47,2025-04-10 03:19:17,2025-04-09 20:19:17,29.980771430145516,6.4,0.016677356056864046,104.0,15.13406,0.104,0.015134061,74.32007,57.57851,clustered,False,False,True,True,True,disturbance-candidate
67,2025-04-10 00:40:08,2025-04-09 17:40:08,2025-04-10 00:40:38,2025-04-09 17:40:38,29.980771430145516,6.37,0.016677356056864046,124.0,19.123796,0.124000005,0.019123798,75.84784,59.61088,clustered,False,False,True,True,True,disturbance-candidate
85,2025-04-10 00:52:16,2025-04-09 17:52:16,2025-04-10 00:52:46,2025-04-09 17:52:46,29.980771430145516,6.37,0.016677356056864046,330.0,23.255934,0.33,0.023255935,84.34968,61.310078,clustered,False,False,True,True,True,disturbance-candidate
1,2025-04-10 01:00:00,2025-04-09 18:00:00,2025-04-10 01:00:29,2025-04-09 18:00:29,29.980771430145516,6.34,0.016677356056864046,102.0,15.465042,0.102000006,0.015465043,74.151405,57.766422,clustered,False,False,True,True,True,disturbance-candidate
3,2025-04-10 01:01:08,2025-04-09 18:01:08,2025-04-10 01:01:38,2025-04-09 18:01:38,29.980771430145516,6.34,0.027234008398687955,82.0,17.353432,0.082,0.017353432,72.25568,58.76711,clustered,False,False,True,True,True,disturbance-candidate
11,2025-04-10 01:05:07,2025-04-09 18:05:07,2025-04-10 01:05:37,2025-04-09 18:05:37,29.980771430145516,6.34,0.07596897231590058,102.0,19.381655,0.102000006,0.019381655,74.151405,59.727215,clustered,False,False,True,True,True,disturbance-candidate
13,2025-04-10 01:06:07,2025-04-09 18:06:07,2025-04-10 01:06:37,2025-04-09 18:06:37,29.980771430145516,6.34,0.0,82.0,20.198845,0.082,0.020198846,72.25568,60.08593,clustered,False,False,True,True,True,disturbance-candidate
22,2025-04-10 01:10:39,2025-04-09 18:10:39,2025-04-10 01:11:09,2025-04-09 18:11:09,29.980771430145516,6.34,0.016677356056864046,86.0,18.655548,0.086,0.01865555,72.669365,59.39556,clustered,False,False,True,True,True,disturbance-candidate
23,2025-04-10 01:11:09,2025-04-09 18:11:09,2025-04-10 01:11:39,2025-04-09 18:11:39,29.980771430145516,6.34,0.027234008398687955,118.0,17.376524,0.11800001,0.017376525,75.41704,58.778656,clustered,False,False,True,True,True,disturbance-candidate
36,2025-04-10 01:17:08,2025-04-09 18:17:08,2025-04-10 01:17:38,2025-04-09 18:17:38,29.980771430145516,6.34,0.027234008398687955,86.0,16.93265,0.086,0.01693265,72.669365,58.5539,clustered,False,False,True,True,True,disturbance-candidate
37,2025-04-10 01:18:26,2025-04-09 18:18:26,2025-04-10 01:18:55,2025-04-09 18:18:55,29.980771430145516,6.34,0.016677356056864046,106.0,15.486851,0.106000006,0.015486851,74.48552,57.778664,clustered,False,False,True,True,True,disturbance-candidate
43,2025-04-10 01:21:25,2025-04-09 18:21:25,2025-04-10 01:21:55,2025-04-09 18:21:55,29.980771430145516,6.34,0.027234008398687955,112.0,18.393843,0.112,0.018393844,74.96376,59.27285,clustered,False,False,True,True,True,disturbance-candidate
46,2025-04-10 01:23:57,2025-04-09 18:23:57,2025-04-10 01:24:27,2025-04-09 18:24:27,29.980771430145516,6.34,0.2338136505683529,114.0,18.233482,0.11400001,0.018233484,75.1175,59.196793,clustered,False,False,True,True,True,disturbance-candidate
53,2025-04-10 20:13:49,2025-04-10 13:13:49,2025-04-10 20:14:19,2025-04-10 13:14:19,29.980771430145516,3.37,0.027234008398687955,84.0,20.90186,0.08400001,0.02090186,72.46499,60.383102,clustered,False,False,True,True,True,disturbance-candidate
55,2025-04-10 20:14:58,2025-04-10 13:14:58,2025-04-10 20:15:28,2025-04-10 13:15:28,29.980771430145516,3.37,0.027234008398687955,118.0,28.913406,0.11800001,0.028913409,75.41704,63.201385,clustered,False,False,True,True,True,disturbance-candidate
66,2025-04-10 20:18:57,2025-04-10 13:18:57,2025-04-10 20:19:27,2025-04-10 13:19:27,29.980771430145516,3.37,0.016677356056864268,104.0,27.524054,0.104,0.027524054,74.32007,62.773647,clustered,False,False,True,True,True,disturbance-candidate
48,2025-04-26 20:32:35,2025-04-26 13:32:35,2025-04-26 20:33:05,2025-04-26 13:33:05,29.980771430145516,6.37,0.016677356056864046,106.0,12.989096,0.106000006,0.012989096,74.48552,56.250977,clustered,False,False,True,True,True,disturbance-candidate
46,2025-04-26 21:45:05,2025-04-26 14:45:05,2025-04-26 21:45:35,2025-04-26 14:45:35,29.980771430145516,2.37,0.016677356056864268,102.0,24.496471,0.102000006,0.024496473,74.151405,61.76147,clustered,False,False,True,True,True,disturbance-candidate
54,2025-04-26 21:49:39,2025-04-26 14:49:39,2025-04-26 21:50:09,2025-04-26 14:50:09,29.980771430145516,2.37,0.25071563641049294,112.0,22.774857,0.112,0.022774858,74.96376,61.128517,clustered,False,False,True,True,True,disturbance-candidate
40,2025-04-26 18:30:55,2025-04-26 11:30:55,2025-04-26 18:31:25,2025-04-26 11:31:25,29.980771430145516,3.34,0.027234008398687955,114.0,26.528543,0.11400001,0.026528545,75.1175,62.45367,clustered,False,False,True,True,True,disturbance-candidate
107,2025-04-08 00:36:56,2025-04-07 17:36:56,2025-04-08 00:37:26,2025-04-07 17:37:26,29.980771430145516,6.4,0.016677356056864046,152.0,19.693394,0.15200001,0.019693395,77.61627,59.865814,clustered,False,False,True,True,True,disturbance-candidate
160,2025-04-08 21:44:37,2025-04-08 14:44:37,2025-04-08 21:44:38,2025-04-08 14:44:38,1.480769339397822,4.05,4.01565675784318,1196.0,64.93507,1.1960001,0.064935066,95.53403,70.22899,pulse,True,True,True,False,False,pressure/impulse
14,2025-04-08 23:08:54,2025-04-08 16:08:54,2025-04-08 23:09:24,2025-04-08 16:09:24,29.980771430145516,6.37,0.027234008398687955,158.0,21.869146,0.158,0.021869147,77.952545,60.77604,clustered,False,False,True,True,True,disturbance-candidate
156,2025-04-08 23:45:59,2025-04-08 16:45:59,2025-04-08 23:46:29,2025-04-08 16:46:29,29.980771430145516,6.4,0.016677356056864046,122.0,16.670942,0.12200001,0.016670942,75.7066,58.418602,clustered,False,False,True,True,True,disturbance-candidate
10,2025-04-21 00:10:18,2025-04-20 17:10:18,2025-04-21 00:10:48,2025-04-20 17:10:48,29.980771430145516,8.77,0.1656580058373658,80.0,15.093008,0.080000006,0.015093009,72.0412,57.554916,clustered,False,False,True,True,True,disturbance-candidate
12,2025-04-21 00:13:05,2025-04-20 17:13:05,2025-04-21 00:13:35,2025-04-20 17:13:35,29.980771430145516,4.77,0.016677356056864046,126.0,17.480436,0.126,0.017480437,75.98681,58.83045,clustered,False,False,True,True,True,disturbance-candidate
22,2025-04-21 20:14:55,2025-04-21 13:14:55,2025-04-21 20:15:25,2025-04-21 13:15:25,29.980771430145516,6.37,0.027234008398687955,122.0,13.293137,0.12200001,0.013293137,75.7066,56.45195,clustered,False,False,True,True,True,disturbance-candidate
78,2025-04-21 22:52:28,2025-04-21 15:52:28,2025-04-21 22:52:58,2025-04-21 15:52:58,29.980771430145516,6.37,0.016677356056864046,84.0,14.074407,0.08400001,0.0140744075,72.46499,56.948006,clustered,False,False,True,True,True,disturbance-candidate
41,2025-04-30 15:30:30,2025-04-30 08:30:30,2025-04-30 15:31:00,2025-04-30 08:31:00,29.9999933976408,4.1,0.016666670334644973,138.0,38.946156,0.13800001,0.03894616,76.77698,65.7887,clustered,False,False,True,True,True,disturbance-candidate
31,2025-04-30 05:27:31,2025-04-29 22:27:31,2025-04-30 05:28:01,2025-04-29 22:28:01,29.9999933976408,6.4,0.11863422890920758,84.0,13.573077,0.08400001,0.0135730775,72.46499,56.632965,clustered,False,False,True,True,True,disturbance-candidate
83,2025-04-30 05:50:40,2025-04-29 22:50:40,2025-04-30 05:51:10,2025-04-29 22:51:10,29.9999933976408,6.4,0.016666670334644973,158.0,13.64359,0.158,0.013643591,77.952545,56.677975,clustered,False,False,True,True,True,disturbance-candidate
2,2025-04-30 06:02:39,2025-04-29 23:02:39,2025-04-30 06:03:09,2025-04-29 23:03:09,29.9999933976408,6.4,0.016666670334644973,106.0,13.857693,0.106000006,0.013857693,74.48552,56.81322,clustered,False,False,True,True,True,disturbance-candidate
7,2025-04-30 03:01:37,2025-04-29 20:01:37,2025-04-30 03:01:39,2025-04-29 20:01:39,1.99999955984272,7.0,4.41889977952363,672.0,38.78846,0.67200005,0.03878846,90.526794,65.75345,pulse,True,True,False,False,False,pressure/impulse
62,2025-04-23 15:41:05,2025-04-23 08:41:05,2025-04-23 15:41:35,2025-04-23 08:41:35,29.980771430145516,7.47,0.016677356056864046,94.0,16.508018,0.094000004,0.016508019,73.441956,58.3333,clustered,False,False,True,True,True,disturbance-candidate
11,2025-04-23 08:13:05,2025-04-23 01:13:05,2025-04-23 08:13:35,2025-04-23 01:13:35,29.980771430145516,9.14,0.23166522442082543,96.0,21.32649,0.096,0.021326492,73.624825,60.55779,clustered,False,False,True,True,True,disturbance-candidate
16,2025-04-23 05:23:32,2025-04-22 22:23:32,2025-04-23 05:23:34,2025-04-22 22:23:34,1.9807693760776062,3.03,2.6742592680018547,206.0,25.728155,0.20600002,0.025728157,80.256744,62.187572,pulse,True,True,True,False,False,pressure/impulse
40,2025-04-23 22:27:17,2025-04-23 15:27:17,2025-04-23 22:27:18,2025-04-23 15:27:18,1.480769339397822,6.75,2.9372092833864447,2006.0,167.7922,2.006,0.16779222,100.02602,78.47484,pulse,True,True,True,False,False,pressure/impulse
37,2025-04-04 16:17:59,2025-04-04 09:17:59,2025-04-04 16:18:29,2025-04-04 09:18:29,29.980771430145516,6.5,0.016677356056864046,214.0,43.141758,0.21400002,0.04314176,80.58768,66.67735,clustered,False,False,True,True,True,disturbance-candidate
12,2025-04-04 11:17:29,2025-04-04 04:17:29,2025-04-04 11:17:59,2025-04-04 04:17:59,29.980771430145516,5.1,0.01667735605686449,84.0,15.751122,0.08400001,0.015751123,72.46499,57.92563,clustered,False,False,True,True,True,disturbance-candidate
18,2025-04-04 11:21:42,2025-04-04 04:21:42,2025-04-04 11:22:12,2025-04-04 04:22:12,29.980771430145516,5.1,0.027234008398687955,104.0,22.424631,0.104,0.022424633,74.32007,60.993904,clustered,False,False,True,True,True,disturbance-candidate
38,2025-04-04 11:31:42,2025-04-04 04:31:42,2025-04-04 11:32:12,2025-04-04 04:32:12,29.980771430145516,5.07,0.01667735605686449,134.0,26.903143,0.134,0.026903145,76.5215,62.57546,clustered,False,False,True,True,True,disturbance-candidate
43,2025-04-04 11:34:11,2025-04-04 04:34:11,2025-04-04 11:34:41,2025-04-04 04:34:41,29.980771430145516,5.07,0.45028861353533456,106.0,24.384863,0.106000006,0.024384864,74.48552,61.721806,clustered,False,False,True,True,True,disturbance-candidate
49,2025-04-04 11:37:11,2025-04-04 04:37:11,2025-04-04 11:37:41,2025-04-04 04:37:41,29.980771430145516,5.07,0.01667735605686449,104.0,21.471457,0.104,0.021471458,74.32007,60.61663,clustered,False,False,True,True,True,disturbance-candidate
50,2025-04-04 11:37:41,2025-04-04 04:37:41,2025-04-04 11:38:11,2025-04-04 04:38:11,29.980771430145516,5.07,0.0,136.0,24.774857,0.136,0.024774857,76.65018,61.859623,clustered,False,False,True,True,True,disturbance-candidate
54,2025-04-04 11:39:41,2025-04-04 04:39:41,2025-04-04 11:40:11,2025-04-04 04:40:11,29.980771430145516,5.07,0.0,104.0,24.337397,0.104,0.024337398,74.32007,61.704884,clustered,False,False,True,True,True,disturbance-candidate
55,2025-04-04 11:40:11,2025-04-04 04:40:11,2025-04-04 11:40:41,2025-04-04 04:40:41,29.980771430145516,5.07,0.05003206817059258,96.0,21.285439,0.096,0.021285439,73.624825,60.541054,clustered,False,False,True,True,True,disturbance-candidate
56,2025-04-04 11:42:17,2025-04-04 04:42:17,2025-04-04 11:42:47,2025-04-04 04:42:47,29.980771430145516,5.07,0.027234008398687955,88.0,19.549711,0.08800001,0.019549713,72.86905,59.802208,clustered,False,False,True,True,True,disturbance-candidate
62,2025-04-04 11:50:41,2025-04-04 04:50:41,2025-04-04 11:51:11,2025-04-04 04:51:11,29.980771430145516,5.07,0.027234008398687955,88.0,19.624119,0.08800001,0.01962412,72.86905,59.835205,clustered,False,False,True,True,True,disturbance-candidate
67,2025-04-04 11:54:32,2025-04-04 04:54:32,2025-04-04 11:55:02,2025-04-04 04:55:02,29.980771430145516,5.07,0.016677356056864046,86.0,18.618345,0.086,0.018618345,72.669365,59.378223,clustered,False,False,True,True,True,disturbance-candidate
8,2025-04-04 05:04:37,2025-04-03 22:04:37,2025-04-04 05:05:07,2025-04-03 22:05:07,29.980771430145516,6.64,0.14999322254115602,252.0,36.538807,0.252,0.03653881,82.00741,65.23449,clustered,False,False,True,True,True,disturbance-candidate
24,2025-04-04 03:17:02,2025-04-03 20:17:02,2025-04-04 03:17:32,2025-04-03 20:17:32,29.980771430145516,6.37,0.027234008398687955,98.0,14.7145605,0.098000005,0.014714561,73.803925,57.334347,clustered,False,False,True,True,True,disturbance-candidate
32,2025-04-04 03:21:57,2025-04-03 20:21:57,2025-04-04 03:22:27,2025-04-03 20:22:27,29.980771430145516,6.37,0.0,114.0,16.62091,0.11400001,0.016620912,75.1175,58.392494,clustered,False,False,True,True,True,disturbance-candidate
33,2025-04-04 03:22:30,2025-04-03 20:22:30,2025-04-04 03:23:00,2025-04-03 20:23:00,29.980771430145516,6.37,0.0,116.0,13.788326,0.116000004,0.013788327,75.26856,56.769634,clustered,False,False,True,True,True,disturbance-candidate
42,2025-04-04 03:28:02,2025-04-03 20:28:02,2025-04-04 03:28:32,2025-04-03 20:28:32,29.980771430145516,6.37,0.01667735605686449,108.0,16.924952,0.108,0.016924953,74.64787,58.54995,clustered,False,False,True,True,True,disturbance-candidate
48,2025-04-04 03:31:02,2025-04-03 20:31:02,2025-04-04 03:31:32,2025-04-03 20:31:32,29.980771430145516,6.37,0.027234008398687955,86.0,18.714561,0.086,0.018714562,72.669365,59.422993,clustered,False,False,True,True,True,disturbance-candidate
80,2025-04-04 03:50:11,2025-04-03 20:50:11,2025-04-04 03:50:41,2025-04-03 20:50:41,29.980771430145516,6.37,0.01667735605686449,98.0,21.239256,0.098000005,0.021239256,73.803925,60.52219,clustered,False,False,True,True,True,disturbance-candidate
81,2025-04-04 03:50:41,2025-04-03 20:50:41,2025-04-04 03:51:11,2025-04-03 20:51:11,29.980771430145516,6.37,0.027234008398687955,96.0,23.719051,0.096,0.023719052,73.624825,61.481346,clustered,False,False,True,True,True,disturbance-candidate
94,2025-04-04 03:57:10,2025-04-03 20:57:10,2025-04-04 03:57:40,2025-04-03 20:57:40,29.980771430145516,6.37,0.0,86.0,20.737652,0.086,0.020737654,72.669365,60.314594,clustered,False,False,True,True,True,disturbance-candidate
96,2025-04-04 03:58:10,2025-04-03 20:58:10,2025-04-04 03:58:40,2025-04-03 20:58:40,29.980771430145516,6.37,0.016677356056864046,102.0,19.430405,0.102000006,0.019430406,74.151405,59.74904,clustered,False,False,True,True,True,disturbance-candidate
9,2025-04-04 02:03:59,2025-04-03 19:03:59,2025-04-04 02:04:29,2025-04-03 19:04:29,29.980771430145516,6.6,0.027234008398687955,126.0,31.186659,0.126,0.03118666,75.98681,63.858776,clustered,False,False,True,True,True,disturbance-candidate
15,2025-04-04 02:07:17,2025-04-03 19:07:17,2025-04-04 02:07:47,2025-04-03 19:07:47,29.980771430145516,12.84,0.01667735605686449,82.0,14.746633,0.082,0.014746633,72.25568,57.353256,clustered,False,False,True,True,True,disturbance-candidate
4,2025-04-15 16:01:29,2025-04-15 09:01:29,2025-04-15 16:01:59,2025-04-15 09:01:59,29.980771430145516,3.4,0.027234008398687955,132.0,29.583067,0.132,0.029583069,76.39088,63.400265,clustered,False,False,True,True,True,disturbance-candidate
40,2025-04-03 10:41:43,2025-04-03 03:41:43,2025-04-03 10:42:13,2025-04-03 03:42:13,29.980771430145516,5.14,0.027234008398687955,98.0,20.270687,0.098000005,0.020270688,73.803925,60.116768,clustered,False,False,True,True,True,disturbance-candidate
42,2025-04-03 10:42:43,2025-04-03 03:42:43,2025-04-03 10:43:13,2025-04-03 03:43:13,29.980771430145516,5.1,0.027234008398687955,88.0,20.726107,0.08800001,0.020726107,72.86905,60.309753,clustered,False,False,True,True,True,disturbance-candidate
21,2025-04-03 01:23:33,2025-04-02 18:23:33,2025-04-03 01:24:03,2025-04-02 18:24:03,29.980771430145516,6.37,0.4748099211718751,234.0,20.626041,0.23400001,0.020626042,81.363716,60.26772,clustered,False,False,True,True,True,disturbance-candidate
26,2025-04-12 17:13:37,2025-04-12 10:13:37,2025-04-12 17:14:07,2025-04-12 10:14:07,29.980771430145516,7.37,0.10310629172326931,90.0,22.753046,0.09,0.022753047,73.064255,61.12019,clustered,False,False,True,True,True,disturbance-candidate
75,2025-04-02 04:39:30,2025-04-01 21:39:30,2025-04-02 04:40:00,2025-04-01 21:40:00,29.980771430145516,5.14,0.027234008398687955,154.0,21.36626,0.15400001,0.021366261,77.72981,60.573967,clustered,False,False,True,True,True,disturbance-candidate
93,2025-04-02 04:52:25,2025-04-01 21:52:25,2025-04-02 04:52:55,2025-04-01 21:52:55,29.980771430145516,6.6,0.027234008398687955,86.0,22.382296,0.086,0.022382297,72.669365,60.977493,clustered,False,False,True,True,True,disturbance-candidate
29,2025-04-13 10:27:56,2025-04-13 03:27:56,2025-04-13 10:28:26,2025-04-13 03:28:26,29.980771430145516,6.4,0.06186377503396132,108.0,22.5619,0.108,0.0225619,74.64787,61.046913,clustered,False,False,True,True,True,disturbance-candidate
36,2025-04-13 21:21:49,2025-04-13 14:21:49,2025-04-13 21:21:51,2025-04-13 14:21:51,1.9807693760776062,12.12,4.1307681709335995,270.0,25.533981,0.27,0.025533982,82.606674,62.121773,pulse,True,True,True,False,False,pressure/impulse
40,2025-04-13 21:23:37,2025-04-13 14:23:37,2025-04-13 21:23:39,2025-04-13 14:23:39,1.9807693760776062,4.54,1.6191359487291659,572.0,33.514565,0.572,0.033514567,89.12732,64.48407,pulse,True,True,True,False,False,pressure/impulse
8,2025-04-05 03:03:35,2025-04-04 20:03:35,2025-04-05 03:04:05,2025-04-04 20:04:05,29.980771430145516,6.4,0.03729170182811615,128.0,20.007698,0.128,0.0200077,76.1236,60.00334,clustered,False,False,True,True,True,disturbance-candidate
118,2025-03-20 16:24:39,2025-03-20 09:24:39,2025-03-20 16:24:41,2025-03-20 09:24:41,1.9807693760776062,2.02,2.3384960175479086,2902.0,276.27185,2.9020002,0.27627185,103.233345,82.80613,pulse,True,True,True,False,False,pressure/impulse
125,2025-03-20 11:22:10,2025-03-20 04:22:10,2025-03-20 11:22:12,2025-03-20 04:22:12,1.9807693760776062,2.52,1.0906100051622813,710.0,64.31068,0.71000004,0.06431068,91.00457,70.145065,pulse,False,True,True,False,False,pressure/impulse
36,2025-03-18 16:24:42,2025-03-18 09:24:42,2025-03-18 16:25:12,2025-03-18 09:25:12,29.980771430145516,5.07,0.027234008398687955,1964.0,58.424633,1.9640001,0.058424637,99.84223,69.311325,clustered,False,False,True,True,True,disturbance-candidate
38,2025-03-18 16:25:41,2025-03-18 09:25:41,2025-03-18 16:26:11,2025-03-18 09:26:11,29.980771430145516,5.07,0.01667735605686449,290.0,28.229635,0.29000002,0.028229637,83.227356,62.993507,clustered,False,False,True,True,True,disturbance-candidate
40,2025-03-18 16:26:41,2025-03-18 09:26:41,2025-03-18 16:27:11,2025-03-18 09:27:11,29.980771430145516,5.1,0.027234008398687955,188.0,24.847979,0.18800001,0.02484798,79.462555,61.885223,clustered,False,False,True,True,True,disturbance-candidate
74,2025-03-18 16:43:41,2025-03-18 09:43:41,2025-03-18 16:44:11,2025-03-18 09:44:11,29.980771430145516,5.1,0.037291701828116246,140.0,28.595253,0.14,0.028595254,76.90196,63.105278,clustered,False,False,True,True,True,disturbance-candidate
85,2025-03-18 16:49:11,2025-03-18 09:49:11,2025-03-18 16:49:41,2025-03-18 09:49:41,29.980771430145516,3.47,0.027234008398687774,120.0,32.8762,0.120000005,0.032876205,75.56303,64.31703,clustered,False,False,True,True,True,disturbance-candidate
85,2025-03-18 17:46:40,2025-03-18 10:46:40,2025-03-18 17:47:10,2025-03-18 10:47:10,29.980771430145516,5.1,0.01667735605686449,118.0,26.348942,0.11800001,0.026348943,75.41704,62.39466,clustered,False,False,True,True,True,disturbance-candidate
17,2025-03-27 04:37:29,2025-03-26 21:37:29,2025-03-27 04:37:59,2025-03-26 21:37:59,29.980771430145516,4.74,0.30065531201097,126.0,17.347017,0.126,0.017347017,75.98681,58.763893,clustered,False,False,True,True,True,disturbance-candidate
90,2025-03-09 21:13:48,2025-03-09 14:13:48,2025-03-09 21:13:51,2025-03-09 14:13:51,2.9807694494371746,2.68,0.16774192317839587,474.0,146.10323,0.47400004,0.14610323,87.494965,77.2726,continuous,False,False,True,True,True,disturbance-candidate
61,2025-03-09 18:15:03,2025-03-09 11:15:03,2025-03-09 18:15:33,2025-03-09 11:15:33,29.9999933976408,4.1,0.2439389247979706,176.0,28.885897,0.17600001,0.028885897,78.889656,63.193115,clustered,False,False,True,True,True,disturbance-candidate
3,2025-03-11 15:00:59,2025-03-11 08:00:59,2025-03-11 15:01:29,2025-03-11 08:01:29,29.980771430145516,5.1,0.027234008398687955,194.0,27.590763,0.194,0.027590765,79.735435,62.794678,clustered,False,False,True,True,True,disturbance-candidate
6,2025-03-11 15:03:36,2025-03-11 08:03:36,2025-03-11 15:04:06,2025-03-11 08:04:06,29.980771430145516,5.07,0.0,82.0,18.706863,0.082,0.018706864,72.25568,59.419422,clustered,False,False,True,True,True,disturbance-candidate
7,2025-03-11 15:04:06,2025-03-11 08:04:06,2025-03-11 15:04:36,2025-03-11 08:04:36,29.980771430145516,5.1,0.01667735605686449,88.0,20.796665,0.08800001,0.020796666,72.86905,60.339275,clustered,False,False,True,True,True,disturbance-candidate
10,2025-03-11 15:07:08,2025-03-11 08:07:08,2025-03-11 15:07:38,2025-03-11 08:07:38,29.980771430145516,5.07,0.0,80.0,17.41501,0.080000006,0.017415011,72.0412,58.797874,clustered,False,False,True,True,True,disturbance-candidate
18,2025-03-11 15:13:45,2025-03-11 08:13:45,2025-03-11 15:14:15,2025-03-11 08:14:15,29.980771430145516,5.07,0.027234008398687955,80.0,19.382938,0.080000006,0.019382939,72.0412,59.72779,clustered,False,False,True,True,True,disturbance-candidate
24,2025-03-11 15:29:17,2025-03-11 08:29:17,2025-03-11 15:29:47,2025-03-11 08:29:47,29.980771430145516,5.1,0.01667735605686449,80.0,18.2322,0.080000006,0.018232202,72.0412,59.196182,clustered,False,False,True,True,True,disturbance-candidate
25,2025-03-11 15:32:30,2025-03-11 08:32:30,2025-03-11 15:33:00,2025-03-11 08:33:00,29.980771430145516,5.1,0.01667735605686449,82.0,18.586273,0.082,0.018586274,72.25568,59.363247,clustered,False,False,True,True,True,disturbance-candidate
47,2025-03-11 16:24:50,2025-03-11 09:24:50,2025-03-11 16:25:20,2025-03-11 09:25:20,29.980771430145516,5.1,0.04717068624028506,132.0,22.86979,0.132,0.02286979,76.39088,61.164642,clustered,False,False,True,True,True,disturbance-candidate
68,2025-03-11 16:35:50,2025-03-11 09:35:50,2025-03-11 16:36:20,2025-03-11 09:36:20,29.980771430145516,5.07,0.016677356056864046,96.0,26.080822,0.096,0.026080823,73.624825,62.30583,clustered,False,False,True,True,True,disturbance-candidate
80,2025-03-11 16:41:50,2025-03-11 09:41:50,2025-03-11 16:42:20,2025-03-11 09:42:20,29.980771430145516,5.1,0.027234008398687955,120.0,27.493265,0.120000005,0.027493266,75.56303,62.76393,clustered,False,False,True,True,True,disturbance-candidate
95,2025-03-11 16:49:19,2025-03-11 09:49:19,2025-03-11 16:49:49,2025-03-11 09:49:49,29.980771430145516,5.07,0.027234008398687955,104.0,26.543938,0.104,0.02654394,74.32007,62.458706,clustered,False,False,True,True,True,disturbance-candidate
107,2025-03-11 16:55:19,2025-03-11 09:55:19,2025-03-11 16:55:49,2025-03-11 09:55:49,29.980771430145516,5.1,0.027234008398687955,104.0,25.715202,0.104,0.025715204,74.32007,62.183197,clustered,False,False,True,True,True,disturbance-candidate
15,2025-03-11 17:07:42,2025-03-11 10:07:42,2025-03-11 17:08:12,2025-03-11 10:08:12,29.980771430145516,5.1,0.01667735605686449,96.0,20.581142,0.096,0.020581143,73.624825,60.24879,clustered,False,False,True,True,True,disturbance-candidate
20,2025-03-11 17:10:19,2025-03-11 10:10:19,2025-03-11 17:10:49,2025-03-11 10:10:49,29.980771430145516,5.1,0.027234008398687955,80.0,19.688261,0.080000006,0.019688262,72.0412,59.86355,clustered,False,False,True,True,True,disturbance-candidate
29,2025-03-11 17:15:42,2025-03-11 10:15:42,2025-03-11 17:16:12,2025-03-11 10:16:12,29.980771430145516,5.1,0.01667735605686449,84.0,19.967928,0.08400001,0.019967929,72.46499,59.98606,clustered,False,False,True,True,True,disturbance-candidate
58,2025-03-11 17:30:26,2025-03-11 10:30:26,2025-03-11 17:30:56,2025-03-11 10:30:56,29.980771430145516,5.1,0.027234008398687955,112.0,25.998716,0.112,0.025998717,74.96376,62.27844,clustered,False,False,True,True,True,disturbance-candidate
103,2025-03-11 17:57:37,2025-03-11 10:57:37,2025-03-11 17:58:07,2025-03-11 10:58:07,29.980771430145516,5.1,0.027234008398687955,86.0,21.186659,0.086,0.02118666,72.669365,60.50065,clustered,False,False,True,True,True,disturbance-candidate
3,2025-03-11 04:09:39,2025-03-10 21:09:39,2025-03-11 04:10:09,2025-03-10 21:10:09,29.980771430145516,5.07,0.38390132179321196,90.0,20.891598,0.09,0.0208916,73.064255,60.378834,clustered,False,False,True,True,True,disturbance-candidate
63,2025-03-11 19:34:23,2025-03-11 12:34:23,2025-03-11 19:34:53,2025-03-11 12:34:53,29.980771430145516,4.44,0.027234008398687955,208.0,20.51828,0.208,0.02051828,80.34067,60.22222,clustered,False,False,True,True,True,disturbance-candidate
79,2025-03-11 19:45:41,2025-03-11 12:45:41,2025-03-11 19:46:11,2025-03-11 12:46:11,29.980771430145516,4.44,0.0,84.0,17.131495,0.08400001,0.017131496,72.46499,58.655304,clustered,False,False,True,True,True,disturbance-candidate
1,2025-03-11 18:02:15,2025-03-11 11:02:15,2025-03-11 18:02:45,2025-03-11 11:02:45,29.980771430145516,4.44,0.01667735605686449,80.0,20.029507,0.080000006,0.020029508,72.0412,60.01281,clustered,False,False,True,True,True,disturbance-candidate
6,2025-03-11 18:05:00,2025-03-11 11:05:00,2025-03-11 18:05:30,2025-03-11 11:05:30,29.980771430145516,4.44,0.027234008398687955,80.0,19.588198,0.080000006,0.019588199,72.0412,59.81929,clustered,False,False,True,True,True,disturbance-candidate
20,2025-03-11 18:13:27,2025-03-11 11:13:27,2025-03-11 18:13:57,2025-03-11 11:13:57,29.980771430145516,4.47,0.01667735605686449,116.0,26.337397,0.116000004,0.026337398,75.26856,62.390858,clustered,False,False,True,True,True,disturbance-candidate
58,2025-03-11 18:33:44,2025-03-11 11:33:44,2025-03-11 18:34:14,2025-03-11 11:34:14,29.980771430145516,4.44,0.016677356056864046,88.0,17.400898,0.08800001,0.017400898,72.86905,58.790833,clustered,False,False,True,True,True,disturbance-candidate
87,2025-03-11 18:54:13,2025-03-11 11:54:13,2025-03-11 18:54:43,2025-03-11 11:54:43,29.980771430145516,4.47,0.016677356056864046,82.0,17.43297,0.082,0.01743297,72.25568,58.80683,clustered,False,False,True,True,True,disturbance-candidate
123,2025-03-29 17:29:32,2025-03-29 10:29:32,2025-03-29 17:29:34,2025-03-29 10:29:34,1.9807693760776062,7.57,3.3200650334055855,404.0,48.893204,0.404,0.048893206,86.107025,67.76437,pulse,True,True,True,False,False,pressure/impulse
33,2025-03-29 04:36:58,2025-03-28 21:36:58,2025-03-29 04:37:28,2025-03-28 21:37:28,29.980771430145516,5.37,0.016677356056864046,82.0,18.742785,0.082,0.018742785,72.25568,59.43608,clustered,False,False,True,True,True,disturbance-candidate
6,2025-03-29 20:20:31,2025-03-29 13:20:31,2025-03-29 20:20:32,2025-03-29 13:20:32,0.980769302718038,6.12,1.741311767127072,1184.0,88.117645,1.184,0.08811765,95.446434,72.88066,pulse,True,True,True,False,False,pressure/impulse
39,2025-03-29 20:37:05,2025-03-29 13:37:05,2025-03-29 20:37:35,2025-03-29 13:37:35,29.980771430145516,4.74,0.016677356056864046,136.0,38.774857,0.136,0.03877486,76.65018,65.750404,clustered,False,False,True,True,True,disturbance-candidate
21,2025-03-29 22:22:49,2025-03-29 15:22:49,2025-03-29 22:23:19,2025-03-29 15:23:19,29.980771430145516,3.44,0.027234008398687955,138.0,38.274536,0.13800001,0.038274538,76.77698,65.637596,clustered,False,False,True,True,True,disturbance-candidate
2,2025-03-16 10:03:39,2025-03-16 03:03:39,2025-03-16 10:04:09,2025-03-16 03:04:09,29.980771430145516,5.07,0.04933228450178437,84.0,14.996793,0.08400001,0.014996793,72.46499,57.49937,clustered,False,False,True,True,True,disturbance-candidate
7,2025-03-16 10:09:14,2025-03-16 03:09:14,2025-03-16 10:09:44,2025-03-16 03:09:44,29.980771430145516,5.04,0.04933228450178426,88.0,21.212317,0.08800001,0.021212317,72.86905,60.51116,clustered,False,False,True,True,True,disturbance-candidate
33,2025-03-16 09:47:12,2025-03-16 02:47:12,2025-03-16 09:47:42,2025-03-16 02:47:42,29.980771430145516,5.07,0.07205441342637259,80.0,18.093649,0.080000006,0.01809365,72.0412,59.129925,clustered,False,False,True,True,True,disturbance-candidate
34,2025-03-16 09:49:51,2025-03-16 02:49:51,2025-03-16 09:50:21,2025-03-16 02:50:21,29.980771430145516,5.07,0.027234008398687955,86.0,17.907633,0.086,0.017907634,72.669365,59.040165,clustered,False,False,True,True,True,disturbance-candidate
66,2025-03-16 06:54:36,2025-03-15 23:54:36,2025-03-16 06:54:38,2025-03-15 23:54:38,1.9807693760776062,6.56,2.6621460345343735,144.0,17.184465,0.14400001,0.017184466,77.14665,58.68212,pulse,True,True,True,False,False,pressure/impulse
83,2025-03-28 05:30:51,2025-03-27 22:30:51,2025-03-28 05:30:53,2025-03-27 22:30:53,1.9807693760776062,5.55,4.0290406309434195,350.0,39.92233,0.35000002,0.03992233,84.86076,66.003716,pulse,True,True,True,False,False,pressure/impulse
169,2025-03-28 02:51:14,2025-03-27 19:51:14,2025-03-28 02:51:44,2025-03-27 19:51:44,29.980771430145516,6.47,0.01667735605686449,88.0,20.377165,0.08800001,0.020377167,72.86905,60.162277,clustered,False,False,True,True,True,disturbance-candidate
80,2025-03-17 22:44:20,2025-03-17 15:44:20,2025-03-17 22:44:50,2025-03-17 15:44:50,29.980771430145516,2.37,0.027234008398687955,106.0,25.135344,0.106000006,0.025135344,74.48552,61.985096,clustered,False,False,True,True,True,disturbance-candidate
55,2025-03-10 15:49:17,2025-03-10 08:49:17,2025-03-10 15:49:47,2025-03-10 08:49:47,29.980771430145516,3.44,0.3885322892495434,236.0,41.670303,0.23600002,0.041670304,81.437645,66.37593,clustered,False,False,True,True,True,disturbance-candidate
53,2025-03-10 16:35:34,2025-03-10 09:35:34,2025-03-10 16:36:04,2025-03-10 09:36:04,29.980771430145516,5.1,0.4726685491552672,408.0,33.5279,0.40800002,0.033527903,86.19261,64.487526,clustered,False,False,True,True,True,disturbance-candidate
98,2025-03-10 02:26:20,2025-03-09 19:26:20,2025-03-10 02:26:22,2025-03-09 19:26:22,2.4807694127573905,2.42,0.20155037281125088,96.0,26.697674,0.096,0.026697675,73.624825,62.50887,continuous,False,False,True,True,True,disturbance-candidate
259,2025-03-10 01:59:47,2025-03-09 18:59:47,2025-03-10 02:00:00,2025-03-09 19:00:00,12.980770183032856,2.39,0.40398560077007134,338.0,26.37926,0.33800003,0.026379261,84.55773,62.40465,clustered,False,False,True,True,True,disturbance-candidate
2,2025-03-26 05:01:07,2025-03-25 22:01:07,2025-03-26 05:01:36,2025-03-25 22:01:36,29.980771430145516,4.47,0.016677356056864046,192.0,17.404747,0.192,0.017404748,79.645424,58.792755,clustered,False,False,True,True,True,disturbance-candidate
16,2025-03-26 04:21:50,2025-03-25 21:21:50,2025-03-26 04:22:20,2025-03-25 21:22:20,29.980771430145516,4.47,0.03729170182811645,306.0,15.279025,0.30600002,0.015279026,83.69383,57.661316,clustered,False,False,True,True,True,disturbance-candidate
62,2025-03-26 04:51:38,2025-03-25 21:51:38,2025-03-26 04:52:08,2025-03-25 21:52:08,29.980771430145516,4.47,0.3929632433731321,154.0,14.139833,0.15400001,0.014139834,77.72981,56.98829,clustered,False,False,True,True,True,disturbance-candidate
27,2025-03-26 02:32:58,2025-03-25 19:32:58,2025-03-26 02:33:28,2025-03-25 19:33:28,29.980771430145516,4.44,0.06868155587640959,80.0,13.5728035,0.080000006,0.013572804,72.0412,56.63279,clustered,False,False,True,True,True,disturbance-candidate
30,2025-03-26 02:35:38,2025-03-25 19:35:38,2025-03-26 02:36:08,2025-03-25 19:36:08,29.980771430145516,4.44,0.027234008398687955,282.0,14.309173,0.282,0.014309173,82.98438,57.09169,clustered,False,False,True,True,True,disturbance-candidate
51,2025-03-26 02:56:10,2025-03-25 19:56:10,2025-03-26 02:56:40,2025-03-25 19:56:40,29.980771430145516,4.47,0.027234008398687955,104.0,15.016036,0.104,0.015016037,74.32007,57.51051,clustered,False,False,True,True,True,disturbance-candidate
65,2025-03-26 20:53:39,2025-03-26 13:53:39,2025-03-26 20:54:09,2025-03-26 13:54:09,29.980771430145516,5.0,0.016677356056864046,142.0,18.768442,0.142,0.018768443,77.02516,59.447968,clustered,False,False,True,True,True,disturbance-candidate
33,2025-03-26 21:28:52,2025-03-26 14:28:52,2025-03-26 21:29:22,2025-03-26 14:29:22,29.989006569483916,5.0,0.49149353910182975,84.0,16.287937,0.08400001,0.016287938,72.46499,58.216724,clustered,False,False,True,True,True,disturbance-candidate
64,2025-03-08 16:58:14,2025-03-08 08:58:14,2025-03-08 16:58:44,2025-03-08 08:58:44,29.9999933976408,5.0,0.016666670334644973,94.0,20.770514,0.094000004,0.020770514,73.441956,60.328346,clustered,False,False,True,True,True,disturbance-candidate
5,2025-03-08 17:03:00,2025-03-08 09:03:00,2025-03-08 17:03:30,2025-03-08 09:03:30,29.9999933976408,3.43,0.01666667033464475,112.0,30.697435,0.112,0.030697437,74.96376,63.721443,clustered,False,False,True,True,True,disturbance-candidate
7,2025-03-08 02:55:28,2025-03-07 18:55:28,2025-03-08 02:55:58,2025-03-07 18:55:58,29.9999933976408,2.47,0.11863422890920759,90.0,21.267948,0.09,0.021267949,73.064255,60.533913,clustered,False,False,True,True,True,disturbance-candidate
41,2025-03-08 22:14:08,2025-03-08 14:14:08,2025-03-08 22:14:10,2025-03-08 14:14:10,1.99999955984272,3.0,1.3564086994047508,182.0,20.0,0.18200001,0.020000001,79.180824,60.0,pulse,True,True,True,False,False,pressure/impulse
267,2025-03-21 01:50:42,2025-03-20 18:50:42,2025-03-21 01:50:44,2025-03-20 18:50:44,1.9807693760776062,3.03,4.5302296430906175,360.0,50.640778,0.36,0.05064078,85.105446,68.06941,pulse,True,True,True,False,False,pressure/impulse
4,2025-03-31 05:14:44,2025-03-30 22:14:44,2025-03-31 05:15:14,2025-03-30 22:15:14,29.980771430145516,6.7,0.027234008398687955,82.0,21.132778,0.082,0.021132778,72.25568,60.47853,clustered,False,False,True,True,True,disturbance-candidate
113,2025-03-30 16:55:24,2025-03-30 09:55:24,2025-03-30 16:55:54,2025-03-30 09:55:54,29.980771430145516,3.44,0.06670942422745685,126.0,28.478512,0.126,0.028478513,75.98681,63.069744,clustered,False,False,True,True,True,disturbance-candidate
22,2025-03-30 13:24:52,2025-03-30 06:24:52,2025-03-30 13:25:22,2025-03-30 06:25:22,29.980771430145516,5.04,0.10631732734191292,94.0,18.461834,0.094000004,0.018461835,73.441956,59.304893,clustered,False,False,True,True,True,disturbance-candidate
8,2025-03-30 12:22:45,2025-03-30 05:22:45,2025-03-30 12:23:15,2025-03-30 05:23:15,29.980771430145516,5.07,0.01667735605686449,90.0,17.948685,0.09,0.017948685,73.064255,59.060055,clustered,False,False,True,True,True,disturbance-candidate
3,2025-03-30 10:40:53,2025-03-30 03:40:53,2025-03-30 10:41:23,2025-03-30 03:41:23,29.980771430145516,5.04,0.016677356056864046,88.0,13.357281,0.08800001,0.013357282,72.86905,56.493763,clustered,False,False,True,True,True,disturbance-candidate
7,2025-03-30 11:07:57,2025-03-30 04:07:57,2025-03-30 11:08:26,2025-03-30 04:08:26,29.980771430145516,5.04,0.0,84.0,12.139833,0.08400001,0.012139834,72.46499,55.66366,clustered,False,False,True,True,True,disturbance-candidate
16,2025-03-30 11:28:09,2025-03-30 04:28:09,2025-03-30 11:28:39,2025-03-30 04:28:39,29.980771430145516,5.04,0.016677356056864046,96.0,14.78127,0.096,0.014781271,73.624825,57.37364,clustered,False,False,True,True,True,disturbance-candidate
60,2025-03-30 02:34:35,2025-03-29 19:34:35,2025-03-30 02:35:05,2025-03-29 19:35:05,29.980771430145516,6.37,0.01667735605686449,100.0,12.228352,0.1,0.012228352,73.9794,55.726757,clustered,False,False,True,True,True,disturbance-candidate
72,2025-03-30 02:47:08,2025-03-29 19:47:08,2025-03-30 02:47:38,2025-03-29 19:47:38,29.980771430145516,6.37,0.01667735605686449,140.0,12.569596,0.14,0.012569597,76.90196,55.965828,clustered,False,False,True,True,True,disturbance-candidate
79,2025-03-30 02:49:22,2025-03-29 19:49:22,2025-03-30 02:49:52,2025-03-29 19:49:52,29.980771430145516,6.37,0.10144439652713581,624.0,24.1873,0.624,0.0241873,89.88309,61.65115,continuous,False,False,True,True,True,disturbance-candidate
84,2025-03-30 02:51:58,2025-03-29 19:51:58,2025-03-30 02:52:28,2025-03-29 19:52:28,29.980771430145516,6.37,0.01667735605686449,80.0,13.730597,0.080000006,0.013730597,72.0412,56.73319,clustered,False,False,True,True,True,disturbance-candidate
62,2025-03-24 15:48:01,2025-03-24 08:48:01,2025-03-24 15:48:31,2025-03-24 08:48:31,29.980771430145516,3.47,0.0,5458.0,85.893524,5.458,0.08589353,108.72008,72.65861,continuous,False,False,True,True,True,disturbance-candidate
22,2025-03-24 23:14:23,2025-03-24 16:14:23,2025-03-24 23:14:53,2025-03-24 16:14:53,29.980771430145516,3.37,0.04160063498801688,294.0,29.648493,0.294,0.029648494,83.346344,63.419453,clustered,False,False,True,True,True,disturbance-candidate
235,2025-03-23 15:37:56,2025-03-23 08:37:56,2025-03-23 15:37:57,2025-03-23 08:37:57,0.980769302718038,5.1,2.1562287049029183,116.0,14.274509,0.116000004,0.014274511,75.26856,57.07062,pulse,True,True,True,False,False,pressure/impulse
251,2025-03-23 17:57:04,2025-03-23 10:57:04,2025-03-23 17:57:06,2025-03-23 10:57:06,1.9807693760776062,8.08,3.820674318798731,176.0,22.582523,0.17600001,0.022582524,78.889656,61.054848,pulse,True,True,True,False,False,pressure/impulse
227,2025-03-23 20:49:11,2025-03-23 13:49:11,2025-03-23 20:49:13,2025-03-23 13:49:13,1.9807693760776062,12.12,3.942140502433258,464.0,50.349514,0.46400002,0.050349515,87.30976,68.0193,pulse,True,True,True,False,False,pressure/impulse
13,2025-03-23 19:05:56,2025-03-23 12:05:56,2025-03-23 19:05:57,2025-03-23 12:05:57,0.980769302718038,4.08,5.53527978148277,266.0,27.215687,0.266,0.027215688,82.477036,62.675785,pulse,True,True,True,False,False,pressure/impulse
100,2025-03-12 15:20:58,2025-03-12 08:20:58,2025-03-12 15:21:28,2025-03-12 08:21:28,29.980771430145516,3.47,0.016677356056864046,138.0,37.08916,0.13800001,0.03708916,76.77698,65.36434,clustered,False,False,True,True,True,disturbance-candidate
40,2025-03-12 00:23:08,2025-03-11 17:23:08,2025-03-12 00:23:38,2025-03-11 17:23:38,29.980771430145516,4.44,0.2754289462396529,156.0,17.899937,0.156,0.017899938,77.84189,59.03643,clustered,False,False,True,True,True,disturbance-candidate
42,2025-03-12 00:24:08,2025-03-11 17:24:08,2025-03-12 00:24:38,2025-03-11 17:24:38,29.980771430145516,4.44,0.0,124.0,16.420782,0.124000005,0.016420783,75.84784,58.287277,clustered,False,False,True,True,True,disturbance-candidate
33,2025-03-12 01:45:09,2025-03-11 18:45:09,2025-03-12 01:45:39,2025-03-11 18:45:39,29.980771430145516,4.44,0.027234008398687955,148.0,12.497755,0.148,0.012497756,77.384636,55.916042,clustered,False,False,True,True,True,disturbance-candidate
38,2025-03-12 01:52:20,2025-03-11 18:52:20,2025-03-12 01:52:50,2025-03-11 18:52:50,29.980771430145516,4.44,0.4915971118565008,238.0,17.282873,0.238,0.017282873,81.51094,58.73172,clustered,False,False,True,True,True,disturbance-candidate
101,2025-03-13 15:55:14,2025-03-13 08:55:14,2025-03-13 15:55:44,2025-03-13 08:55:44,29.980771430145516,3.44,0.08888915516897113,146.0,37.828094,0.14600001,0.037828095,77.26646,65.53569,clustered,False,False,True,True,True,disturbance-candidate
4,2025-03-13 10:15:44,2025-03-13 03:15:44,2025-03-13 10:16:14,2025-03-13 03:16:14,29.980771430145516,2.4,0.027234008398687774,96.0,14.619628,0.096,0.014619629,73.624825,57.27813,clustered,False,False,True,True,True,disturbance-candidate
12,2025-03-13 06:35:33,2025-03-12 23:35:33,2025-03-13 06:36:03,2025-03-12 23:36:03,29.980771430145516,6.8,0.04160063498801672,80.0,18.910841,0.080000006,0.018910842,72.0412,59.51362,clustered,False,False,True,True,True,disturbance-candidate
29,2025-03-13 03:36:33,2025-03-12 20:36:33,2025-03-13 03:37:03,2025-03-12 20:37:03,29.980771430145516,2.4,0.016677356056864268,84.0,19.742142,0.08400001,0.019742142,72.46499,59.887283,clustered,False,False,True,True,True,disturbance-candidate
49,2025-03-13 03:52:32,2025-03-12 20:52:32,2025-03-13 03:53:02,2025-03-12 20:53:02,29.980771430145516,2.4,0.016677356056864268,106.0,18.18345,0.106000006,0.018183451,74.48552,59.172928,clustered,False,False,True,True,True,disturbance-candidate
54,2025-03-13 03:57:14,2025-03-12 20:57:14,2025-03-13 03:57:44,2025-03-12 20:57:44,29.980771430145516,2.4,0.4713216382778324,98.0,16.713278,0.098000005,0.016713278,73.803925,58.44063,clustered,False,False,True,True,True,disturbance-candidate
55,2025-03-13 03:57:46,2025-03-12 20:57:46,2025-03-13 03:58:16,2025-03-12 20:58:16,29.980771430145516,2.4,0.016677356056864268,88.0,17.770365,0.08800001,0.017770365,72.86905,58.973328,clustered,False,False,True,True,True,disturbance-candidate
57,2025-03-13 03:58:46,2025-03-12 20:58:46,2025-03-13 03:59:16,2025-03-12 20:59:16,29.980771430145516,2.4,0.016677356056864268,106.0,18.847979,0.106000006,0.01884798,74.48552,59.484695,clustered,False,False,True,True,True,disturbance-candidate
43,2025-03-22 16:32:14,2025-03-22 09:32:14,2025-03-22 16:32:44,2025-03-22 09:32:44,29.980771430145516,3.47,0.016677356056864046,98.0,30.012829,0.098000005,0.030012831,73.803925,63.52554,clustered,False,False,True,True,True,disturbance-candidate
9,2025-03-25 10:14:33,2025-03-25 03:14:33,2025-03-25 10:15:03,2025-03-25 03:15:03,29.980771430145516,6.67,0.3649293297783291,80.0,17.231558,0.080000006,0.01723156,72.0412,58.705894,clustered,False,False,True,True,True,disturbance-candidate
